bfs_nummer,name,einwohnerzahl,min_distanz_m
3714,Rheinwald,570,23234.04191523509
6719,Pleigne,365,7900.83887173434
5828,Treytorrens (Payerne),108,5190.08458670229
4801,Berlingen,957,10925.039070476158
3572,Falera,635,5769.576242421618
5486,L'Isle,1094,7732.171733187129
4791,Wuppenau,1213,5905.0200646929015
424,Wynigen,2097,7240.41792990793
4306,Fisibach,605,8266.330714530804
6810,La Baroche,1135,8339.182299278396
437,Mont-Tramelan,111,6252.1535208496225
2843,Buckten,715,5924.146578953737
3342,Eschenbach (SG),10266,5337.342337463846
4656,Güttingen,1799,5672.760123930874
3295,Quarten,3105,7359.517718425872
3311,Amden,1901,11835.37009344349
4164,Gansingen,1128,5876.725253161358
4681,Langrickenbach,1503,7041.319837493406
5324,Avegno Gordevio,1534,5189.785482315044
6151,Champéry,1404,9248.451318516365
5520,Essertines-sur-Yverdon,1142,5031.551453973223
2963,Ramsen,1655,6022.224329841746
4105,Mandach,328,5089.584582854086
908,Trub,1277,7323.528881740902
936,Pohlern,247,7515.626134314848
7004,Triesenberg,2703,7623.883286579843
6192,Blatten,300,16664.101546663504
4319,Siglistorf,799,5917.075587013719
6434,Le Cerneux-Péquignot,310,5273.3255587487365
7011,Schellenberg,1169,5467.940627582005
100,Stadel,2455,5646.148995294272
2920,Thayngen,5881,5848.137797726701
5050,Serravalle,2070,6612.169691269162
344,Ursenbach,903,6848.0721245349305
3396,Neckertal,6420,5090.432450069623
3987,Trun,1141,11661.390201659453
3871,Klosters,4478,7820.101386885748
3025,Trogen,1877,5076.820216532308
5912,Démoret,173,5780.454185084301
5759,Premier,228,5054.877260606478
1211,Isenthal,459,8828.9624947414
5464,Vully-les-Lacs,3627,5271.025248805955
1361,Alpthal,632,6067.524247856766
211,Altikon,774,6215.3619558719265
388,Leuzigen,1361,6129.914789268441
580,Hofstetten bei Brienz,529,9191.954783076812
592,Schwanden bei Brienz,668,11117.682731668021
5063,Bedretto,108,9803.024987391867
579,Habkern,629,8060.255178363742
4846,Raperswilen,421,8533.586858777986
4281,Reitnau,1621,5669.080423749901
228,Turbenthal,5300,6464.15443120261
932,Horrenbach-Buchen,224,9941.7054781192
1501,Beckenried,3712,7010.774024891039
4646,Ermatingen,3780,5860.6361760727095
614,Linden,1275,5118.94669883484
4185,Böztal,2940,5213.949137618063
709,Seehof,67,9546.462980800106
4616,Uesslingen-Buch,1139,6148.261939625708
5072,Faido,2705,9759.17899552749
6131,Bovernier,952,5005.172588502851
6287,Randa,468,8547.45725070364
5758,La Praz,207,5972.963096812934
4864,Steckborn,4054,10528.28591799278
5726,La Rippe,1196,5833.195862765813
572,Bönigen,2786,5024.0000253470325
28,Flaach,1494,6071.731499230033
4691,Münsterlingen,3723,5125.811038081164
3823,Soazza,324,12970.639279080462
3360,Nesslau,3890,8713.496176718343
3423,Niederhelfenschwil,3290,5484.421627867319
2961,Buch (SH),336,8597.48666324003
4545,Diessenhofen,4138,6036.9388809311595
6603,Avully,1746,5787.455182842065
2850,Känerkinden,532,5783.5170030592935
5817,Grandcour,976,5828.882882256522
3542,Albula/Alvra,1354,6868.625931134548
40,Trüllikon,1104,5633.20288857279
310,Rapperswil (BE),2705,5681.6710177785535
4701,Wäldi,1171,6535.782768411309
1202,Andermatt,1578,10349.699909025263
406,Hasle bei Burgdorf,3402,6374.259791839139
225,Rickenbach (ZH),2850,5228.625745171239
4262,Wegenstetten,1017,5259.090452608389
1363,Illgau,822,6863.371178145836
3822,Mesocco,1414,18473.112384931686
5410,Ormont-Dessous,1242,5781.460481063704
5304,Bosco/Gurin,47,8731.308784269168
5755,Lignerolle,461,6570.307338252563
6034,Orsières,3303,9381.642382173774
2783,Burg im Leimental,286,5749.513113654496
2549,Kammersrohr,32,6373.74633178513
6715,Mervelier,526,8080.350222094489
4536,Basadingen-Schlattingen,1902,7873.999050956389
6722,Saulcy,277,7188.7549914756655
182,Wildberg,1013,6010.939493985428
2971,Hallau,2423,13667.234529719795
784,Innertkirchen,1079,13607.591272231766
573,Brienz (BE),3256,10388.353624459414
924,Eriz,480,10736.080163244666
1370,Rothenthurm,2595,6094.288984323374
5079,Quinto,1302,7199.933562570146
6008,Ried-Brig,2310,7357.690121403614
1098,Ruswil,7541,5332.8294382194335
6252,Anniviers,2790,6835.001409891318
3734,Trin,1557,5480.671710583841
6774,Boncourt,1170,9092.54881478277
584,Lauterbrunnen,2331,12789.746426828842
2953,Siblingen,888,8631.209054996772
6265,Savièse,8278,6164.8449654542665
1219,Unterschächen,746,12427.194078833738
3789,Sils im Engadin/Segl,708,10483.659024677529
6142,Trient,175,9664.179870260628
3911,Churwalden,2114,6188.5673137246185
3551,Brusio,1099,8950.028491242863
566,Krattigen,1130,6070.626717444952
3668,Thusis,3439,5318.255335660254
5430,Marchissy,508,7032.598424814249
2022,Gletterens,1161,7150.0612541330665
2619,Kleinlützel,1197,6244.9853294715795
1140,Reiden,7674,5825.773590460939
6054,Binn,129,8193.603255628655
3201,Häggenschwil,1426,5965.994177883985
102,Weiach,2123,6924.8901196217585
613,Landiswil,623,6201.980451658682
6706,Courchapoix,449,5944.2493842232225
872,Kirchdorf (BE),1853,5674.160616458453
1146,Wauwil,2660,6117.06738332944
6076,Obergoms,663,18986.72566852377
588,Niederried bei Interlaken,366,6999.981691628873
2936,Merishausen,905,6756.00747190068
4251,Hellikon,850,5000.49589925468
562,Aeschi bei Spiez,2325,8893.671169082398
1150,Zell (LU),2205,5113.404516206426
1127,Egolzwil,1664,7031.917563018157
3603,Vals,958,18535.479351792765
6806,Vendlincourt,557,6282.123256885622
3861,Fideris,626,10469.643774532975
1203,Attinghausen,1787,8522.736203708371
441,Renan (BE),957,5638.086441600555
1504,Emmetten,1668,7678.738432336423
6759,Soubey,125,7179.337625366822
2430,Welschenrohr-Gänsbrunnen,1209,5520.157744646468
5136,Onsernone,663,8369.798606982988
2477,Metzerlen-Mariastein,988,5402.352623979302
448,Villeret,924,8818.032088932197
6011,Zwischbergen,71,14776.757157759728
5913,Donneloye,916,5658.473673906824
3783,Madulain,196,7110.703562928087
5456,Cudrefin,1885,5925.367042044397
2883,Bretzwil,736,7391.392852109985
853,Rüschegg,1738,9129.75563218067
1208,Göschenen,458,17013.71545679287
2972,Oberhallau,456,11380.987847139972
3961,Grüsch,2176,5828.83944402652
3316,Weesen,1898,9142.236398731666
880,Rüeggisberg,1745,7236.621907068347
1010,Escholzmatt-Marbach,4559,10267.884714741811
4184,Mettauertal,2176,6127.155213367432
5798,Ropraz,530,6877.989021431187
1210,Hospental,180,9431.169211849236
292,Stammheim,2947,6348.771041922923
971,Attiswil,1546,6700.356843764738
114,Fischenthal,2666,5356.565277328546
740,Ligerz,525,5284.759476544331
2338,La Verrerie,1350,7819.155687053185
6748,Les Genevez (JU),516,7333.499747348484
6104,Ergisch,183,6968.302969868889
2421,Aedermannsdorf,593,7053.313702637356
983,Oberbipp,1955,5320.039691396514
6083,Evolène,1666,6874.679698628833
4816,Homburg,1573,9800.446629324024
901,Eggiwil,2451,8682.122729265298
995,Wiedlisbach,2654,7147.024777510993
3881,Conters im Prättigau,224,7243.705148070618
1511,Wolfenschiessen,2121,5302.364374990619
2973,Trasadingen,619,12563.361004311202
3713,Ferrera,76,14091.499045321436
5307,Campo (Vallemaggia),49,8437.700997504437
952,Dürrenroth,1077,6215.811780424243
6135,Leytron,3529,6009.518058913276
5323,Lavizzara,498,11334.714046791858
3945,Trimmis,3424,5575.637080010405
6703,Bourrignon,263,6287.275435290376
4176,Schwaderloch,728,7224.888606177115
4756,Schönholzerswilen,867,6173.225704439096
987,Rumisberg,493,6393.178208217417
2336,Semsales,1568,5938.2179014972235
6211,Collonges,869,5837.359640642853
6058,Fieschertal,357,11080.85535332834
2424,Herbetswil,608,9432.270173722754
43,Volken,382,6828.978699060296
3784,Pontresina,2072,7823.4148872878795
6024,Nendaz,7314,5606.643598223407
578,Gündlischwand,344,6471.932594867116
35,Marthalen,1990,7207.423532828403
886,Wattenwil,3230,9719.675032242574
5654,Vullierens,547,5187.631221190986
6809,Haute-Ajoie,1064,7614.202102209312
2901,Gächlingen,1029,10195.436440471341
687,Corcelles (BE),186,7120.165244329704
5871,L'Abbaye,1541,7135.525917545461
3862,Furna,203,10184.812770598475
564,Kandergrund,810,10305.914288045375
3791,Zuoz,1224,8689.345373206725
1216,Silenen,2037,9369.973367735265
863,Burgistein,1069,10007.97676012221
3983,Medel (Lucmagn),328,8697.282349677644
3661,Cazis,2439,5233.598677818135
218,Ellikon an der Thur,1024,5216.0200776324
5212,Ponte Capriasca,1958,6889.153796157284
3315,Schänis,4172,8365.065099895264
1369,Riemenstalden,85,8087.161621314307
883,Seftigen,2188,7575.955108778957
946,Wachseldorn,238,9301.585402150482
2855,Oltingen,526,6092.225185246857
726,Plateau de Diesse,2157,7704.423028906729
879,Riggisberg,3184,9780.765073329889
335,Oeschenbach,234,7967.834750168511
3882,Küblis,910,9263.763771791506
5557,Fontaines-sur-Grandson,219,5502.515977641389
953,Eriswil,1337,5000.839284108364
3395,Bütschwil-Ganterschwil,5336,6585.665887390269
6807,Basse-Allaine,1197,6432.483021152511
1371,Sattel,2066,5448.473991257387
2952,Schleitheim,1845,11410.912779934299
1100,Schlierbach,1008,5778.891001448766
357,Oberbalm,865,6487.8117047080505
5656,Hautemorges,4383,7776.700797564361
6811,Damphreux-Lugnez,370,6673.392953340218
4711,Affeltrangen,2880,5375.774675167919
1217,Sisikon,395,5915.62627075977
37,Ossingen,1835,8475.65881368524
3764,Valsot,801,8529.711722514063
23,Berg am Irchel,589,5679.857885868143
2465,Buchegg,2964,6725.49135051118
5741,L'Abergement,270,5057.7497552180885
332,Madiswil,3330,5959.636324473444
1137,Nebikon,2941,7834.5532807158725
4143,Schmiedrued,1160,5345.39390577055
3618,Lumnezia,2075,15416.344020622935
2153,Sorens,1103,5827.560892408392
6778,Bure,645,6478.4263146866215
2457,Messen,1498,6817.781298592863
434,Courtelary,1447,10340.649596936562
2122,Pont-en-Ogoz,2038,7544.010476809215
443,Saint-Imier,5177,8386.495521200182
4288,Wiliberg,170,5080.206848574143
6742,Les Bois,1244,6754.385305076397
4311,Leibstadt,1605,5794.377079276801
2790,Roggenburg,246,7043.444237376187
5702,Arzier-Le Muids,2968,5155.390235413344
3681,Avers,169,17555.330553205997
6624,Gy,553,6219.5995638424265
563,Frutigen,7100,8279.780122022912
2472,Büren (SO),1077,5210.970285950995
5804,Jorat-Menthue,1574,6464.900200195891
4831,Müllheim,3339,8276.07626194818
445,Sonvilier,1221,8843.096064830355
81,Bachs,678,5640.114579645924
3972,Seewis im Prättigau,1450,7964.770361093161
1401,Alpnach,6511,6163.193086364091
6090,Mont-Noble,1187,5062.514898938514
6782,Cornol,1083,6501.734205615318
724,Nods,768,7431.991504734059
6158,Vionnaz,3024,5008.430357157375
1404,Kerns,6514,7494.010932085691
3701,Andeer,923,12553.914758067873
408,Hellsau,213,6540.119146734745
3986,Tujetsch,1199,10439.577927846014
3847,Val Müstair,1430,7138.226825237941
2903,Löhningen,1642,5798.524705153987
6201,Unterbäch,479,6574.884465341394
1068,Vitznau,1476,5130.217145230176
5813,Chevroux,494,6361.807650050707
1631,Glarus Süd,9675,13619.217225590328
988,Seeberg,1599,5462.032943867937
6084,Hérémence,1545,8146.576177931561
889,Thurnen,2060,7382.758832194225
6119,Turtmann-Unterems,1212,6919.656056948833
3003,Schönengrund,557,6393.488579803192
3544,Bergün Filisur,898,12825.064074888822
39,Thalheim an der Thur,1004,5283.27533717538
41,Truttikon,458,8948.602475307829
1131,Grossdietwil,920,8435.5443935884
5842,Rossinière,499,5455.2801646750395
3293,Mels,9581,10000.695930079255
2121,Haut-Intyamon,1774,6541.087295792905
906,Schangnau,924,14686.69877764475
3988,Obersaxen Mundaun,1160,11901.94847850992
6195,Ferden,248,7798.899378878715
567,Reichenbach im Kandertal,3792,14087.37837389714
2535,Drei Höfe,732,5619.820700715449
3292,Flums,5400,7092.713459335251
945,Unterlangenegg,1072,6911.913986253635
574,Brienzwiler,514,7633.893283269245
309,Radelfingen,1285,5046.431503452177
1405,Lungern,2072,6992.311550156265
6199,Raron,2024,6507.441693679882
869,Kaufdorf,1101,5740.20861174714
1125,Dagmersellen,6004,8092.374632423721
38,Rheinau,1321,6046.72567030888
291,Andelfingen,3681,6309.75760440955
792,Lenk,2322,10427.69903055547
935,Oberlangenegg,473,9583.16883564846
975,Farnern,226,8030.979821298635
6032,Bourg-Saint-Pierre,222,13721.580829107583
3669,Tschappina,146,6651.284409925455
6604,Avusy,1412,5919.605640347907
586,Lütschental,239,6556.271854866551
2974,Wilchingen,1738,10125.614975113962
2079,Grangettes,212,5123.765925026166
1343,Innerthal,191,10360.819003303499
943,Uebeschi,707,5002.721961893761
4901,Birwinken,1428,6814.315187850389
446,Tramelan,4727,7725.637652563614
2226,Treyvaux,1642,6304.407808160507
6197,Kippel,329,9645.062987049783
5571,Tévenon,862,6012.946858583439
668,Mühleberg,3097,5610.007730171741
5287,Riviera,4269,5521.035345504863
4476,Erlen,3980,5088.306552503269
1143,Schötz,4964,5178.015738966519
763,Erlenbach im Simmental,1731,11092.857975884584
6758,Saint-Brais,237,9670.419583319108
6214,Finhaut,418,11054.138825969772
766,Oberwil im Simmental,845,11716.891443566436
4726,Fischingen,3028,6768.884181711469
842,Lauenen,865,9390.445613265989
3273,Grabs,7488,6214.320372568333
2480,Seewen,1088,6196.136206801536
5843,Rougemont,813,6335.029561435289
6432,La Brévine,624,7278.5395499328615
2547,Günsberg,1205,6487.313881626007
2147,Pont-la-Ville,606,7911.064379519812
2137,Hauteville,744,6206.270919386482
585,Leissigen,1205,7142.233321208023
3837,Calanca,204,7813.653613924712
1375,Unteriberg,2476,11716.334407131368
5754,Juriens,348,5911.102308101032
1007,Romoos,661,5438.9920597659175
1104,Triengen,4923,7692.162081293749
1005,Hasle (LU),1842,5366.279885276676
1129,Fischbach,724,5818.885600993953
6009,Simplon,281,11926.816616544056
922,Blumenstein,1308,9359.66718263023
959,Walterswil (BE),555,5848.384806085079
394,Wengi,633,6236.609133507417
5560,Grandevent,241,5962.4155073952015
2138,Jaun,657,8791.224436592287
6177,Grengiols,417,7007.247195824182
6033,Liddes,770,10423.804354035736
1367,Muotathal,3583,15091.238362636353
4851,Salenstein,1454,8716.57154965263
6087,Saint-Martin (VS),853,5272.900690231572
708,Schelten,33,8359.972887937873
5071,Dalpe,185,13863.592333130851
716,Petit-Val,484,5014.794268596695
2612,Beinwil (SO),262,6837.36329031937
3946,Untervaz,2674,5953.9924554197
992,Wangen an der Aare,2920,5403.381447300621
231,Zell (ZH),6809,5546.748529740712
3808,Rossa,168,12629.738721103044
605,Bowil,1293,5624.3570360623235
6112,Oberems,140,7405.69830803624
2463,Unterramsern,225,5987.970222789959
2427,Matzendorf,1409,5174.126908699515
4506,Sulgen,4152,6362.191318125216
3294,Pfäfers,1624,11439.354302285788
432,Cormoret,511,9595.551205383317
6812,Basse-Vendline,736,8851.321078586345
1311,Gersau,2462,5712.61186704318
3788,S-chanf,713,15369.812687295194
336,Reisiswil,178,5230.8862474661955
3002,Hundwil,965,7592.739888838238
582,Iseltwald,401,9413.209775151276
938,Sigriswil,4871,5645.303549735453
6751,Montfaucon,564,6142.228633265657
1403,Giswil,3988,12026.585091296984
33,Kleinandelfingen,2238,9078.18209897586
3394,Mosnang,2981,7784.113733391795
2841,Anwil,547,6922.846761048294
5488,Mauraz,67,6909.010750496952
6611,Chancy,1664,8369.68845155832
5873,Le Lieu,918,7332.724915103013
5812,Champtauroz,196,5412.021868757535
410,Höchstetten,253,5898.017174240656
2492,Kienberg,526,5166.5328899288925
1406,Sachseln,5299,6874.39866792175
841,Gsteig,1028,8601.862877861371
6792,Grandfontaine,378,11252.72924211622
1062,Malters,7868,5566.294702121838
4106,Mönthal,393,6400.838839740882
4073,Oberlunkhofen,2207,5290.036544923086
6007,Naters,10674,7170.357352986477
3985,Sumvitg,1063,6386.361204735657
433,Cortébert,660,8037.249897788301
6295,Täsch,1305,6174.516922678731
1066,Schwarzenberg,1817,7760.018399937586
1142,Roggliswil,791,5535.023222481263
4590,Hüttlingen,906,6452.232442257241
885,Uttigen,2176,5973.11363679981
762,Diemtigen,2304,11401.96057366446
4951,Wigoltingen,2640,5623.742416634061
2622,Zullwil,701,5021.507261895534
1132,Hergiswil bei Willisau,1944,7916.60397683966
2051,Delley-Portalban,1319,7175.9973322492615
3863,Jenaz,1164,12404.15957708612
431,Corgémont,1819,5808.29373487832
493,Finsterhennen,570,5398.947522274348
6718,Movelier,414,5103.819075671544
3673,Domleschg,2262,7009.75345825545
6077,Goms,1149,10874.73925580084
1632,Glarus,12886,7267.960021338773
5397,Centovalli,1070,5939.241229177316
3715,Muntogna da Schons,368,8581.108151052564
867,Gurzelen,876,6544.27481538621
6298,Visperterminen,1318,5883.234311935528
6288,Saas-Almagell,385,6088.617881919528
6808,Clos du Doubs,1304,8121.491917978206
5491,Mont-la-Ville,496,6595.2834293752585
2548,Hubersdorf,719,5061.368008536223
5555,Corcelles-près-Concise,434,5682.4119904401605
2445,Biezwil,345,5027.066415051905
4811,Herdern,1176,6594.306133693272
2904,Neunkirch,2660,8477.820417406117
1218,Spiringen,881,19920.57638011511
180,Weisslingen,3496,5335.040933930855
1123,Altishofen,2057,8467.383450909714
1083,Buttisholz,3486,6325.678562279853
2788,Liesberg,1105,5160.092533044008
5399,Verzasca,776,10852.751226733915
5785,Corcelles-le-Jorat,499,7067.826636763186
2865,Wenslingen,712,5271.002776864051
181,Wila,2113,5574.651151689319
5429,Longirod,556,5201.920464842373
1212,Realp,149,12392.869051079517
435,La Ferrière,548,7001.512602882622
990,Walliswil bei Niederbipp,222,5285.496430457827
626,Walkringen,1829,5898.070314665693
3672,Safiental,964,10339.3362495799
5629,Clarmont,228,5488.813033521609
1139,Pfaffnau,2777,6465.84536552961
1348,Vorderthal,1035,5451.485068719143
6037,Val de Bagnes,10907,10624.09119443
1710,Walchwil,3995,5158.854441883843
3821,Lostallo,866,8604.783404574831
793,St. Stephan,1326,7126.663288969527
6750,Lajoux (JU),720,7991.4009984979575
333,Melchnau,1518,6297.048756747285
1135,Luthern,1240,7509.09923351991
3543,Surses,2465,7912.162175893941
2067,Le Châtelard,364,6509.426649058638
2851,Kilchberg (BL),182,5544.051855699366
5492,Montricher,943,7489.369868665133
923,Buchholterberg,1552,5530.056451193089
1220,Wassen,431,13496.218831250826
3981,Breil/Brigels,1706,13085.499692109912
2868,Zeglingen,519,5645.885657468068
2885,Eptingen,560,5382.60069387426
3962,Schiers,2993,15015.766176734202
5310,Cevio,1111,8080.101466397832
6281,Baltschieder,1386,8501.009723094585
904,Röthenbach im Emmental,1200,10044.129485726648
2889,Lauwil,324,5795.133737724382
3514,Schmitten (GR),205,8664.791896757517
3792,Bregaglia,1591,20961.048376465893
589,Oberried am Brienzersee,481,11682.906126755437
7006,Planken,491,5782.047845370199
3006,Urnäsch,2373,9156.331502516463
1002,Entlebuch,3422,6084.232618580104
3785,La Punt Chamues-ch,750,6591.257748711005
905,Rüderswil,2390,5852.651122006796
4641,Altnau,2355,7111.0218210984085
6713,Ederswiler,115,6522.4287583382265
414,Krauchthal,2381,5972.7947228434805
985,Ochlenberg,536,5538.984530897046
948,Forst-Längenbühl,779,5808.553110204111
402,Alchenstorf,634,6033.263883689879
2621,Nunningen,1983,6168.595187120554
6213,Evionnaz,1500,8516.562660952075
1122,Altbüron,1014,7264.105593377031
6218,Salvan,1495,8698.509194413255
3359,Wildhaus-Alt St. Johann,2601,8064.605375209093
2931,Bargen (SH),342,9757.682543896039
2847,Häfelfingen,246,5717.49481067533
2134,Grandvillard,903,5988.404389249108
3712,Zillis-Reischen,426,5914.546343522401
6202,Wiler (Lötschen),528,10874.568889798393
4307,Full-Reuenthal,1013,5340.689546323897
6789,Fahy,337,8629.97594645345
591,Saxeten,98,6744.776163637765
1368,Oberiberg,916,9020.66970633896
782,Guttannen,241,15919.159025301256
1004,Flühli,1858,11694.24749049328
3746,Zernez,1592,18032.41067012344
565,Kandersteg,1299,11694.858373213166
2236,Gibloux,8393,5301.3239732286675
6511,Les Verrières,658,8406.17416787955
4601,Neunforn,1112,8062.639852407364
5479,Cuarnens,561,5772.904554237738
1209,Gurtnellen,487,9629.449363105585
26,Dorf,728,6253.253113040071
3891,Luzein,1689,12036.582085486034
5554,Concise,1025,5086.515902210772
761,Därstetten,868,13002.153915623632
2951,Beggingen,485,10291.425456663032
3695,Sufers,147,16863.381837347977
3832,Grono,1580,6947.192086116084
311,Schüpfen,3784,5480.495423379037
2149,La Roche,1959,8007.969167016898
5937,Vugelles-La Mothe,146,5400.530339833918
715,Rebévelier,32,6829.874536728586
2479,Rodersdorf,1408,7783.372323396969
4841,Pfyn,2259,7052.003807680434
